{
	"data":
	[
		{
			"id": 1,
			"name": "Afghanistan",
			"created_at": null,
			"updated_at": null,
			"code": "AF",
			"phonecode": "93"
		},
		{
			"id": 2,
			"name": "Albania",
			"created_at": null,
			"updated_at": null,
			"code": "AL",
			"phonecode": "355"
		},
		{
			"id": 3,
			"name": "Algeria",
			"created_at": null,
			"updated_at": null,
			"code": "DZ",
			"phonecode": "213"
		},
		{
			"id": 4,
			"name": "American Samoa",
			"created_at": null,
			"updated_at": null,
			"code": "AS",
			"phonecode": "1684"
		},
		{
			"id": 5,
			"name": "Andorra",
			"created_at": null,
			"updated_at": null,
			"code": "AD",
			"phonecode": "376"
		},
		{
			"id": 6,
			"name": "Angola",
			"created_at": null,
			"updated_at": null,
			"code": "AO",
			"phonecode": "244"
		},
		{
			"id": 7,
			"name": "Anguilla",
			"created_at": null,
			"updated_at": null,
			"code": "AI",
			"phonecode": "1264"
		},
		{
			"id": 8,
			"name": "Antarctica",
			"created_at": null,
			"updated_at": null,
			"code": "AQ",
			"phonecode": "0"
		},
		{
			"id": 9,
			"name": "Antigua And Barbuda",
			"created_at": null,
			"updated_at": null,
			"code": "AG",
			"phonecode": "1268"
		},
		{
			"id": 10,
			"name": "Argentina",
			"created_at": null,
			"updated_at": null,
			"code": "AR",
			"phonecode": "54"
		},
		{
			"id": 11,
			"name": "Armenia",
			"created_at": null,
			"updated_at": null,
			"code": "AM",
			"phonecode": "374"
		},
		{
			"id": 12,
			"name": "Aruba",
			"created_at": null,
			"updated_at": null,
			"code": "AW",
			"phonecode": "297"
		},
		{
			"id": 13,
			"name": "Australia",
			"created_at": null,
			"updated_at": null,
			"code": "AU",
			"phonecode": "61"
		},
		{
			"id": 14,
			"name": "Austria",
			"created_at": null,
			"updated_at": null,
			"code": "AT",
			"phonecode": "43"
		},
		{
			"id": 15,
			"name": "Azerbaijan",
			"created_at": null,
			"updated_at": null,
			"code": "AZ",
			"phonecode": "994"
		},
		{
			"id": 16,
			"name": "Bahamas The",
			"created_at": null,
			"updated_at": null,
			"code": "BS",
			"phonecode": "1242"
		},
		{
			"id": 17,
			"name": "Bahrain",
			"created_at": null,
			"updated_at": null,
			"code": "BH",
			"phonecode": "973"
		},
		{
			"id": 18,
			"name": "Bangladesh",
			"created_at": null,
			"updated_at": null,
			"code": "BD",
			"phonecode": "880"
		},
		{
			"id": 19,
			"name": "Barbados",
			"created_at": null,
			"updated_at": null,
			"code": "BB",
			"phonecode": "1246"
		},
		{
			"id": 20,
			"name": "Belarus",
			"created_at": null,
			"updated_at": null,
			"code": "BY",
			"phonecode": "375"
		},
		{
			"id": 21,
			"name": "Belgium",
			"created_at": null,
			"updated_at": null,
			"code": "BE",
			"phonecode": "32"
		},
		{
			"id": 22,
			"name": "Belize",
			"created_at": null,
			"updated_at": null,
			"code": "BZ",
			"phonecode": "501"
		},
		{
			"id": 23,
			"name": "Benin",
			"created_at": null,
			"updated_at": null,
			"code": "BJ",
			"phonecode": "229"
		},
		{
			"id": 24,
			"name": "Bermuda",
			"created_at": null,
			"updated_at": null,
			"code": "BM",
			"phonecode": "1441"
		},
		{
			"id": 25,
			"name": "Bhutan",
			"created_at": null,
			"updated_at": null,
			"code": "BT",
			"phonecode": "975"
		},
		{
			"id": 26,
			"name": "Bolivia",
			"created_at": null,
			"updated_at": null,
			"code": "BO",
			"phonecode": "591"
		},
		{
			"id": 27,
			"name": "Bosnia and Herzegovina",
			"created_at": null,
			"updated_at": null,
			"code": "BA",
			"phonecode": "387"
		},
		{
			"id": 28,
			"name": "Botswana",
			"created_at": null,
			"updated_at": null,
			"code": "BW",
			"phonecode": "267"
		},
		{
			"id": 29,
			"name": "Bouvet Island",
			"created_at": null,
			"updated_at": null,
			"code": "BV",
			"phonecode": "0"
		},
		{
			"id": 30,
			"name": "Brazil",
			"created_at": null,
			"updated_at": null,
			"code": "BR",
			"phonecode": "55"
		},
		{
			"id": 31,
			"name": "British Indian Ocean Territory",
			"created_at": null,
			"updated_at": null,
			"code": "IO",
			"phonecode": "246"
		},
		{
			"id": 32,
			"name": "Brunei",
			"created_at": null,
			"updated_at": null,
			"code": "BN",
			"phonecode": "673"
		},
		{
			"id": 33,
			"name": "Bulgaria",
			"created_at": null,
			"updated_at": null,
			"code": "BG",
			"phonecode": "359"
		},
		{
			"id": 34,
			"name": "Burkina Faso",
			"created_at": null,
			"updated_at": null,
			"code": "BF",
			"phonecode": "226"
		},
		{
			"id": 35,
			"name": "Burundi",
			"created_at": null,
			"updated_at": null,
			"code": "BI",
			"phonecode": "257"
		},
		{
			"id": 36,
			"name": "Cambodia",
			"created_at": null,
			"updated_at": null,
			"code": "KH",
			"phonecode": "855"
		},
		{
			"id": 37,
			"name": "Cameroon",
			"created_at": null,
			"updated_at": null,
			"code": "CM",
			"phonecode": "237"
		},
		{
			"id": 38,
			"name": "Canada",
			"created_at": null,
			"updated_at": null,
			"code": "CA",
			"phonecode": "1"
		},
		{
			"id": 39,
			"name": "Cape Verde",
			"created_at": null,
			"updated_at": null,
			"code": "CV",
			"phonecode": "238"
		},
		{
			"id": 40,
			"name": "Cayman Islands",
			"created_at": null,
			"updated_at": null,
			"code": "KY",
			"phonecode": "1345"
		},
		{
			"id": 41,
			"name": "Central African Republic",
			"created_at": null,
			"updated_at": null,
			"code": "CF",
			"phonecode": "236"
		},
		{
			"id": 42,
			"name": "Chad",
			"created_at": null,
			"updated_at": null,
			"code": "TD",
			"phonecode": "235"
		},
		{
			"id": 43,
			"name": "Chile",
			"created_at": null,
			"updated_at": null,
			"code": "CL",
			"phonecode": "56"
		},
		{
			"id": 44,
			"name": "China",
			"created_at": null,
			"updated_at": null,
			"code": "CN",
			"phonecode": "86"
		},
		{
			"id": 45,
			"name": "Christmas Island",
			"created_at": null,
			"updated_at": null,
			"code": "CX",
			"phonecode": "61"
		},
		{
			"id": 46,
			"name": "Cocos (Keeling) Islands",
			"created_at": null,
			"updated_at": null,
			"code": "CC",
			"phonecode": "672"
		},
		{
			"id": 47,
			"name": "Colombia",
			"created_at": null,
			"updated_at": null,
			"code": "CO",
			"phonecode": "57"
		},
		{
			"id": 48,
			"name": "Comoros",
			"created_at": null,
			"updated_at": null,
			"code": "KM",
			"phonecode": "269"
		},
		{
			"id": 49,
			"name": "Congo",
			"created_at": null,
			"updated_at": null,
			"code": "CG",
			"phonecode": "242"
		},
		{
			"id": 50,
			"name": "Congo The Democratic Republic Of The",
			"created_at": null,
			"updated_at": null,
			"code": "CD",
			"phonecode": "242"
		},
		{
			"id": 51,
			"name": "Cook Islands",
			"created_at": null,
			"updated_at": null,
			"code": "CK",
			"phonecode": "682"
		},
		{
			"id": 52,
			"name": "Costa Rica",
			"created_at": null,
			"updated_at": null,
			"code": "CR",
			"phonecode": "506"
		},
		{
			"id": 53,
			"name": "Cote D Ivoire (Ivory Coast)",
			"created_at": null,
			"updated_at": null,
			"code": "CI",
			"phonecode": "225"
		},
		{
			"id": 54,
			"name": "Croatia (Hrvatska)",
			"created_at": null,
			"updated_at": null,
			"code": "HR",
			"phonecode": "385"
		},
		{
			"id": 55,
			"name": "Cuba",
			"created_at": null,
			"updated_at": null,
			"code": "CU",
			"phonecode": "53"
		},
		{
			"id": 56,
			"name": "Cyprus",
			"created_at": null,
			"updated_at": null,
			"code": "CY",
			"phonecode": "357"
		},
		{
			"id": 57,
			"name": "Czech Republic",
			"created_at": null,
			"updated_at": null,
			"code": "CZ",
			"phonecode": "420"
		},
		{
			"id": 58,
			"name": "Denmark",
			"created_at": null,
			"updated_at": null,
			"code": "DK",
			"phonecode": "45"
		},
		{
			"id": 59,
			"name": "Djibouti",
			"created_at": null,
			"updated_at": null,
			"code": "DJ",
			"phonecode": "253"
		},
		{
			"id": 60,
			"name": "Dominica",
			"created_at": null,
			"updated_at": null,
			"code": "DM",
			"phonecode": "1767"
		},
		{
			"id": 61,
			"name": "Dominican Republic",
			"created_at": null,
			"updated_at": null,
			"code": "DO",
			"phonecode": "1809"
		},
		{
			"id": 62,
			"name": "East Timor",
			"created_at": null,
			"updated_at": null,
			"code": "TP",
			"phonecode": "670"
		},
		{
			"id": 63,
			"name": "Ecuador",
			"created_at": null,
			"updated_at": null,
			"code": "EC",
			"phonecode": "593"
		},
		{
			"id": 64,
			"name": "Egypt",
			"created_at": null,
			"updated_at": null,
			"code": "EG",
			"phonecode": "20"
		},
		{
			"id": 65,
			"name": "El Salvador",
			"created_at": null,
			"updated_at": null,
			"code": "SV",
			"phonecode": "503"
		},
		{
			"id": 66,
			"name": "Equatorial Guinea",
			"created_at": null,
			"updated_at": null,
			"code": "GQ",
			"phonecode": "240"
		},
		{
			"id": 67,
			"name": "Eritrea",
			"created_at": null,
			"updated_at": null,
			"code": "ER",
			"phonecode": "291"
		},
		{
			"id": 68,
			"name": "Estonia",
			"created_at": null,
			"updated_at": null,
			"code": "EE",
			"phonecode": "372"
		},
		{
			"id": 69,
			"name": "Ethiopia",
			"created_at": null,
			"updated_at": null,
			"code": "ET",
			"phonecode": "251"
		},
		{
			"id": 70,
			"name": "External Territories of Australia",
			"created_at": null,
			"updated_at": null,
			"code": "XA",
			"phonecode": "61"
		},
		{
			"id": 71,
			"name": "Falkland Islands",
			"created_at": null,
			"updated_at": null,
			"code": "FK",
			"phonecode": "500"
		},
		{
			"id": 72,
			"name": "Faroe Islands",
			"created_at": null,
			"updated_at": null,
			"code": "FO",
			"phonecode": "298"
		},
		{
			"id": 73,
			"name": "Fiji Islands",
			"created_at": null,
			"updated_at": null,
			"code": "FJ",
			"phonecode": "679"
		},
		{
			"id": 74,
			"name": "Finland",
			"created_at": null,
			"updated_at": null,
			"code": "FI",
			"phonecode": "358"
		},
		{
			"id": 75,
			"name": "France",
			"created_at": null,
			"updated_at": null,
			"code": "FR",
			"phonecode": "33"
		},
		{
			"id": 76,
			"name": "French Guiana",
			"created_at": null,
			"updated_at": null,
			"code": "GF",
			"phonecode": "594"
		},
		{
			"id": 77,
			"name": "French Polynesia",
			"created_at": null,
			"updated_at": null,
			"code": "PF",
			"phonecode": "689"
		},
		{
			"id": 78,
			"name": "French Southern Territories",
			"created_at": null,
			"updated_at": null,
			"code": "TF",
			"phonecode": "0"
		},
		{
			"id": 79,
			"name": "Gabon",
			"created_at": null,
			"updated_at": null,
			"code": "GA",
			"phonecode": "241"
		},
		{
			"id": 80,
			"name": "Gambia The",
			"created_at": null,
			"updated_at": null,
			"code": "GM",
			"phonecode": "220"
		},
		{
			"id": 81,
			"name": "Georgia",
			"created_at": null,
			"updated_at": null,
			"code": "GE",
			"phonecode": "995"
		},
		{
			"id": 82,
			"name": "Germany",
			"created_at": null,
			"updated_at": null,
			"code": "DE",
			"phonecode": "49"
		},
		{
			"id": 83,
			"name": "Ghana",
			"created_at": null,
			"updated_at": null,
			"code": "GH",
			"phonecode": "233"
		},
		{
			"id": 84,
			"name": "Gibraltar",
			"created_at": null,
			"updated_at": null,
			"code": "GI",
			"phonecode": "350"
		},
		{
			"id": 85,
			"name": "Greece",
			"created_at": null,
			"updated_at": null,
			"code": "GR",
			"phonecode": "30"
		},
		{
			"id": 86,
			"name": "Greenland",
			"created_at": null,
			"updated_at": null,
			"code": "GL",
			"phonecode": "299"
		},
		{
			"id": 87,
			"name": "Grenada",
			"created_at": null,
			"updated_at": null,
			"code": "GD",
			"phonecode": "1473"
		},
		{
			"id": 88,
			"name": "Guadeloupe",
			"created_at": null,
			"updated_at": null,
			"code": "GP",
			"phonecode": "590"
		},
		{
			"id": 89,
			"name": "Guam",
			"created_at": null,
			"updated_at": null,
			"code": "GU",
			"phonecode": "1671"
		},
		{
			"id": 90,
			"name": "Guatemala",
			"created_at": null,
			"updated_at": null,
			"code": "GT",
			"phonecode": "502"
		},
		{
			"id": 91,
			"name": "Guernsey and Alderney",
			"created_at": null,
			"updated_at": null,
			"code": "XU",
			"phonecode": "44"
		},
		{
			"id": 92,
			"name": "Guinea",
			"created_at": null,
			"updated_at": null,
			"code": "GN",
			"phonecode": "224"
		},
		{
			"id": 93,
			"name": "Guinea-Bissau",
			"created_at": null,
			"updated_at": null,
			"code": "GW",
			"phonecode": "245"
		},
		{
			"id": 94,
			"name": "Guyana",
			"created_at": null,
			"updated_at": null,
			"code": "GY",
			"phonecode": "592"
		},
		{
			"id": 95,
			"name": "Haiti",
			"created_at": null,
			"updated_at": null,
			"code": "HT",
			"phonecode": "509"
		},
		{
			"id": 96,
			"name": "Heard and McDonald Islands",
			"created_at": null,
			"updated_at": null,
			"code": "HM",
			"phonecode": "0"
		},
		{
			"id": 97,
			"name": "Honduras",
			"created_at": null,
			"updated_at": null,
			"code": "HN",
			"phonecode": "504"
		},
		{
			"id": 98,
			"name": "Hong Kong S.A.R.",
			"created_at": null,
			"updated_at": null,
			"code": "HK",
			"phonecode": "852"
		},
		{
			"id": 99,
			"name": "Hungary",
			"created_at": null,
			"updated_at": null,
			"code": "HU",
			"phonecode": "36"
		},
		{
			"id": 100,
			"name": "Iceland",
			"created_at": null,
			"updated_at": null,
			"code": "IS",
			"phonecode": "354"
		},
		{
			"id": 101,
			"name": "India",
			"created_at": null,
			"updated_at": null,
			"code": "IN",
			"phonecode": "91"
		},
		{
			"id": 102,
			"name": "Indonesia",
			"created_at": null,
			"updated_at": null,
			"code": "ID",
			"phonecode": "62"
		},
		{
			"id": 103,
			"name": "Iran",
			"created_at": null,
			"updated_at": null,
			"code": "IR",
			"phonecode": "98"
		},
		{
			"id": 104,
			"name": "Iraq",
			"created_at": null,
			"updated_at": null,
			"code": "IQ",
			"phonecode": "964"
		},
		{
			"id": 105,
			"name": "Ireland",
			"created_at": null,
			"updated_at": null,
			"code": "IE",
			"phonecode": "353"
		},
		{
			"id": 106,
			"name": "Israel",
			"created_at": null,
			"updated_at": null,
			"code": "IL",
			"phonecode": "972"
		},
		{
			"id": 107,
			"name": "Italy",
			"created_at": null,
			"updated_at": null,
			"code": "IT",
			"phonecode": "39"
		},
		{
			"id": 108,
			"name": "Jamaica",
			"created_at": null,
			"updated_at": null,
			"code": "JM",
			"phonecode": "1876"
		},
		{
			"id": 109,
			"name": "Japan",
			"created_at": null,
			"updated_at": null,
			"code": "JP",
			"phonecode": "81"
		},
		{
			"id": 110,
			"name": "Jersey",
			"created_at": null,
			"updated_at": null,
			"code": "XJ",
			"phonecode": "44"
		},
		{
			"id": 111,
			"name": "Jordan",
			"created_at": null,
			"updated_at": null,
			"code": "JO",
			"phonecode": "962"
		},
		{
			"id": 112,
			"name": "Kazakhstan",
			"created_at": null,
			"updated_at": null,
			"code": "KZ",
			"phonecode": "7"
		},
		{
			"id": 113,
			"name": "Kenya",
			"created_at": null,
			"updated_at": null,
			"code": "KE",
			"phonecode": "254"
		},
		{
			"id": 114,
			"name": "Kiribati",
			"created_at": null,
			"updated_at": null,
			"code": "KI",
			"phonecode": "686"
		},
		{
			"id": 115,
			"name": "Korea North",
			"created_at": null,
			"updated_at": null,
			"code": "KP",
			"phonecode": "850"
		},
		{
			"id": 116,
			"name": "Korea South",
			"created_at": null,
			"updated_at": null,
			"code": "KR",
			"phonecode": "82"
		},
		{
			"id": 117,
			"name": "Kuwait",
			"created_at": null,
			"updated_at": null,
			"code": "KW",
			"phonecode": "965"
		},
		{
			"id": 118,
			"name": "Kyrgyzstan",
			"created_at": null,
			"updated_at": null,
			"code": "KG",
			"phonecode": "996"
		},
		{
			"id": 119,
			"name": "Laos",
			"created_at": null,
			"updated_at": null,
			"code": "LA",
			"phonecode": "856"
		},
		{
			"id": 120,
			"name": "Latvia",
			"created_at": null,
			"updated_at": null,
			"code": "LV",
			"phonecode": "371"
		},
		{
			"id": 121,
			"name": "Lebanon",
			"created_at": null,
			"updated_at": null,
			"code": "LB",
			"phonecode": "961"
		},
		{
			"id": 122,
			"name": "Lesotho",
			"created_at": null,
			"updated_at": null,
			"code": "LS",
			"phonecode": "266"
		},
		{
			"id": 123,
			"name": "Liberia",
			"created_at": null,
			"updated_at": null,
			"code": "LR",
			"phonecode": "231"
		},
		{
			"id": 124,
			"name": "Libya",
			"created_at": null,
			"updated_at": null,
			"code": "LY",
			"phonecode": "218"
		},
		{
			"id": 125,
			"name": "Liechtenstein",
			"created_at": null,
			"updated_at": null,
			"code": "LI",
			"phonecode": "423"
		},
		{
			"id": 126,
			"name": "Lithuania",
			"created_at": null,
			"updated_at": null,
			"code": "LT",
			"phonecode": "370"
		},
		{
			"id": 127,
			"name": "Luxembourg",
			"created_at": null,
			"updated_at": null,
			"code": "LU",
			"phonecode": "352"
		},
		{
			"id": 128,
			"name": "Macau S.A.R.",
			"created_at": null,
			"updated_at": null,
			"code": "MO",
			"phonecode": "853"
		},
		{
			"id": 129,
			"name": "Macedonia",
			"created_at": null,
			"updated_at": null,
			"code": "MK",
			"phonecode": "389"
		},
		{
			"id": 130,
			"name": "Madagascar",
			"created_at": null,
			"updated_at": null,
			"code": "MG",
			"phonecode": "261"
		},
		{
			"id": 131,
			"name": "Malawi",
			"created_at": null,
			"updated_at": null,
			"code": "MW",
			"phonecode": "265"
		},
		{
			"id": 132,
			"name": "Malaysia",
			"created_at": null,
			"updated_at": null,
			"code": "MY",
			"phonecode": "60"
		},
		{
			"id": 133,
			"name": "Maldives",
			"created_at": null,
			"updated_at": null,
			"code": "MV",
			"phonecode": "960"
		},
		{
			"id": 134,
			"name": "Mali",
			"created_at": null,
			"updated_at": null,
			"code": "ML",
			"phonecode": "223"
		},
		{
			"id": 135,
			"name": "Malta",
			"created_at": null,
			"updated_at": null,
			"code": "MT",
			"phonecode": "356"
		},
		{
			"id": 136,
			"name": "Man (Isle of)",
			"created_at": null,
			"updated_at": null,
			"code": "XM",
			"phonecode": "44"
		},
		{
			"id": 137,
			"name": "Marshall Islands",
			"created_at": null,
			"updated_at": null,
			"code": "MH",
			"phonecode": "692"
		},
		{
			"id": 138,
			"name": "Martinique",
			"created_at": null,
			"updated_at": null,
			"code": "MQ",
			"phonecode": "596"
		},
		{
			"id": 139,
			"name": "Mauritania",
			"created_at": null,
			"updated_at": null,
			"code": "MR",
			"phonecode": "222"
		},
		{
			"id": 140,
			"name": "Mauritius",
			"created_at": null,
			"updated_at": null,
			"code": "MU",
			"phonecode": "230"
		},
		{
			"id": 141,
			"name": "Mayotte",
			"created_at": null,
			"updated_at": null,
			"code": "YT",
			"phonecode": "269"
		},
		{
			"id": 142,
			"name": "Mexico",
			"created_at": null,
			"updated_at": null,
			"code": "MX",
			"phonecode": "52"
		},
		{
			"id": 143,
			"name": "Micronesia",
			"created_at": null,
			"updated_at": null,
			"code": "FM",
			"phonecode": "691"
		},
		{
			"id": 144,
			"name": "Moldova",
			"created_at": null,
			"updated_at": null,
			"code": "MD",
			"phonecode": "373"
		},
		{
			"id": 145,
			"name": "Monaco",
			"created_at": null,
			"updated_at": null,
			"code": "MC",
			"phonecode": "377"
		},
		{
			"id": 146,
			"name": "Mongolia",
			"created_at": null,
			"updated_at": null,
			"code": "MN",
			"phonecode": "976"
		},
		{
			"id": 147,
			"name": "Montserrat",
			"created_at": null,
			"updated_at": null,
			"code": "MS",
			"phonecode": "1664"
		},
		{
			"id": 148,
			"name": "Morocco",
			"created_at": null,
			"updated_at": null,
			"code": "MA",
			"phonecode": "212"
		},
		{
			"id": 149,
			"name": "Mozambique",
			"created_at": null,
			"updated_at": null,
			"code": "MZ",
			"phonecode": "258"
		},
		{
			"id": 150,
			"name": "Myanmar",
			"created_at": null,
			"updated_at": null,
			"code": "MM",
			"phonecode": "95"
		},
		{
			"id": 151,
			"name": "Namibia",
			"created_at": null,
			"updated_at": null,
			"code": "NA",
			"phonecode": "264"
		},
		{
			"id": 152,
			"name": "Nauru",
			"created_at": null,
			"updated_at": null,
			"code": "NR",
			"phonecode": "674"
		},
		{
			"id": 153,
			"name": "Nepal",
			"created_at": null,
			"updated_at": null,
			"code": "NP",
			"phonecode": "977"
		},
		{
			"id": 154,
			"name": "Netherlands Antilles",
			"created_at": null,
			"updated_at": null,
			"code": "AN",
			"phonecode": "599"
		},
		{
			"id": 155,
			"name": "Netherlands The",
			"created_at": null,
			"updated_at": null,
			"code": "NL",
			"phonecode": "31"
		},
		{
			"id": 156,
			"name": "New Caledonia",
			"created_at": null,
			"updated_at": null,
			"code": "NC",
			"phonecode": "687"
		},
		{
			"id": 157,
			"name": "New Zealand",
			"created_at": null,
			"updated_at": null,
			"code": "NZ",
			"phonecode": "64"
		},
		{
			"id": 158,
			"name": "Nicaragua",
			"created_at": null,
			"updated_at": null,
			"code": "NI",
			"phonecode": "505"
		},
		{
			"id": 159,
			"name": "Niger",
			"created_at": null,
			"updated_at": null,
			"code": "NE",
			"phonecode": "227"
		},
		{
			"id": 160,
			"name": "Nigeria",
			"created_at": null,
			"updated_at": null,
			"code": "NG",
			"phonecode": "234"
		},
		{
			"id": 161,
			"name": "Niue",
			"created_at": null,
			"updated_at": null,
			"code": "NU",
			"phonecode": "683"
		},
		{
			"id": 162,
			"name": "Norfolk Island",
			"created_at": null,
			"updated_at": null,
			"code": "NF",
			"phonecode": "672"
		},
		{
			"id": 163,
			"name": "Northern Mariana Islands",
			"created_at": null,
			"updated_at": null,
			"code": "MP",
			"phonecode": "1670"
		},
		{
			"id": 164,
			"name": "Norway",
			"created_at": null,
			"updated_at": null,
			"code": "NO",
			"phonecode": "47"
		},
		{
			"id": 165,
			"name": "Oman",
			"created_at": null,
			"updated_at": null,
			"code": "OM",
			"phonecode": "968"
		},
		{
			"id": 166,
			"name": "Pakistan",
			"created_at": null,
			"updated_at": null,
			"code": "PK",
			"phonecode": "92"
		},
		{
			"id": 167,
			"name": "Palau",
			"created_at": null,
			"updated_at": null,
			"code": "PW",
			"phonecode": "680"
		},
		{
			"id": 168,
			"name": "Palestinian Territory Occupied",
			"created_at": null,
			"updated_at": null,
			"code": "PS",
			"phonecode": "970"
		},
		{
			"id": 169,
			"name": "Panama",
			"created_at": null,
			"updated_at": null,
			"code": "PA",
			"phonecode": "507"
		},
		{
			"id": 170,
			"name": "Papua new Guinea",
			"created_at": null,
			"updated_at": null,
			"code": "PG",
			"phonecode": "675"
		},
		{
			"id": 171,
			"name": "Paraguay",
			"created_at": null,
			"updated_at": null,
			"code": "PY",
			"phonecode": "595"
		},
		{
			"id": 172,
			"name": "Peru",
			"created_at": null,
			"updated_at": null,
			"code": "PE",
			"phonecode": "51"
		},
		{
			"id": 173,
			"name": "Philippines",
			"created_at": null,
			"updated_at": null,
			"code": "PH",
			"phonecode": "63"
		},
		{
			"id": 174,
			"name": "Pitcairn Island",
			"created_at": null,
			"updated_at": null,
			"code": "PN",
			"phonecode": "0"
		},
		{
			"id": 175,
			"name": "Poland",
			"created_at": null,
			"updated_at": null,
			"code": "PL",
			"phonecode": "48"
		},
		{
			"id": 176,
			"name": "Portugal",
			"created_at": null,
			"updated_at": null,
			"code": "PT",
			"phonecode": "351"
		},
		{
			"id": 177,
			"name": "Puerto Rico",
			"created_at": null,
			"updated_at": null,
			"code": "PR",
			"phonecode": "1787"
		},
		{
			"id": 178,
			"name": "Qatar",
			"created_at": null,
			"updated_at": null,
			"code": "QA",
			"phonecode": "974"
		},
		{
			"id": 179,
			"name": "Reunion",
			"created_at": null,
			"updated_at": null,
			"code": "RE",
			"phonecode": "262"
		},
		{
			"id": 180,
			"name": "Romania",
			"created_at": null,
			"updated_at": null,
			"code": "RO",
			"phonecode": "40"
		},
		{
			"id": 181,
			"name": "Russia",
			"created_at": null,
			"updated_at": null,
			"code": "RU",
			"phonecode": "70"
		},
		{
			"id": 182,
			"name": "Rwanda",
			"created_at": null,
			"updated_at": null,
			"code": "RW",
			"phonecode": "250"
		},
		{
			"id": 183,
			"name": "Saint Helena",
			"created_at": null,
			"updated_at": null,
			"code": "SH",
			"phonecode": "290"
		},
		{
			"id": 184,
			"name": "Saint Kitts And Nevis",
			"created_at": null,
			"updated_at": null,
			"code": "KN",
			"phonecode": "1869"
		},
		{
			"id": 185,
			"name": "Saint Lucia",
			"created_at": null,
			"updated_at": null,
			"code": "LC",
			"phonecode": "1758"
		},
		{
			"id": 186,
			"name": "Saint Pierre and Miquelon",
			"created_at": null,
			"updated_at": null,
			"code": "PM",
			"phonecode": "508"
		},
		{
			"id": 187,
			"name": "Saint Vincent And The Grenadines",
			"created_at": null,
			"updated_at": null,
			"code": "VC",
			"phonecode": "1784"
		},
		{
			"id": 188,
			"name": "Samoa",
			"created_at": null,
			"updated_at": null,
			"code": "WS",
			"phonecode": "684"
		},
		{
			"id": 189,
			"name": "San Marino",
			"created_at": null,
			"updated_at": null,
			"code": "SM",
			"phonecode": "378"
		},
		{
			"id": 190,
			"name": "Sao Tome and Principe",
			"created_at": null,
			"updated_at": null,
			"code": "ST",
			"phonecode": "239"
		},
		{
			"id": 191,
			"name": "Saudi Arabia",
			"created_at": null,
			"updated_at": null,
			"code": "SA",
			"phonecode": "966"
		},
		{
			"id": 192,
			"name": "Senegal",
			"created_at": null,
			"updated_at": null,
			"code": "SN",
			"phonecode": "221"
		},
		{
			"id": 193,
			"name": "Serbia",
			"created_at": null,
			"updated_at": null,
			"code": "RS",
			"phonecode": "381"
		},
		{
			"id": 194,
			"name": "Seychelles",
			"created_at": null,
			"updated_at": null,
			"code": "SC",
			"phonecode": "248"
		},
		{
			"id": 195,
			"name": "Sierra Leone",
			"created_at": null,
			"updated_at": null,
			"code": "SL",
			"phonecode": "232"
		},
		{
			"id": 196,
			"name": "Singapore",
			"created_at": null,
			"updated_at": null,
			"code": "SG",
			"phonecode": "65"
		},
		{
			"id": 197,
			"name": "Slovakia",
			"created_at": null,
			"updated_at": null,
			"code": "SK",
			"phonecode": "421"
		},
		{
			"id": 198,
			"name": "Slovenia",
			"created_at": null,
			"updated_at": null,
			"code": "SI",
			"phonecode": "386"
		},
		{
			"id": 199,
			"name": "Smaller Territories of the UK",
			"created_at": null,
			"updated_at": null,
			"code": "XG",
			"phonecode": "44"
		},
		{
			"id": 200,
			"name": "Solomon Islands",
			"created_at": null,
			"updated_at": null,
			"code": "SB",
			"phonecode": "677"
		},
		{
			"id": 201,
			"name": "Somalia",
			"created_at": null,
			"updated_at": null,
			"code": "SO",
			"phonecode": "252"
		},
		{
			"id": 202,
			"name": "South Africa",
			"created_at": null,
			"updated_at": null,
			"code": "ZA",
			"phonecode": "27"
		},
		{
			"id": 203,
			"name": "South Georgia",
			"created_at": null,
			"updated_at": null,
			"code": "GS",
			"phonecode": "0"
		},
		{
			"id": 204,
			"name": "South Sudan",
			"created_at": null,
			"updated_at": null,
			"code": "SS",
			"phonecode": "211"
		},
		{
			"id": 205,
			"name": "Spain",
			"created_at": null,
			"updated_at": null,
			"code": "ES",
			"phonecode": "34"
		},
		{
			"id": 206,
			"name": "Sri Lanka",
			"created_at": null,
			"updated_at": null,
			"code": "LK",
			"phonecode": "94"
		},
		{
			"id": 207,
			"name": "Sudan",
			"created_at": null,
			"updated_at": null,
			"code": "SD",
			"phonecode": "249"
		},
		{
			"id": 208,
			"name": "Suriname",
			"created_at": null,
			"updated_at": null,
			"code": "SR",
			"phonecode": "597"
		},
		{
			"id": 209,
			"name": "Svalbard And Jan Mayen Islands",
			"created_at": null,
			"updated_at": null,
			"code": "SJ",
			"phonecode": "47"
		},
		{
			"id": 210,
			"name": "Swaziland",
			"created_at": null,
			"updated_at": null,
			"code": "SZ",
			"phonecode": "268"
		},
		{
			"id": 211,
			"name": "Sweden",
			"created_at": null,
			"updated_at": null,
			"code": "SE",
			"phonecode": "46"
		},
		{
			"id": 212,
			"name": "Switzerland",
			"created_at": null,
			"updated_at": null,
			"code": "CH",
			"phonecode": "41"
		},
		{
			"id": 213,
			"name": "Syria",
			"created_at": null,
			"updated_at": null,
			"code": "SY",
			"phonecode": "963"
		},
		{
			"id": 214,
			"name": "Taiwan",
			"created_at": null,
			"updated_at": null,
			"code": "TW",
			"phonecode": "886"
		},
		{
			"id": 215,
			"name": "Tajikistan",
			"created_at": null,
			"updated_at": null,
			"code": "TJ",
			"phonecode": "992"
		},
		{
			"id": 216,
			"name": "Tanzania",
			"created_at": null,
			"updated_at": null,
			"code": "TZ",
			"phonecode": "255"
		},
		{
			"id": 217,
			"name": "Thailand",
			"created_at": null,
			"updated_at": null,
			"code": "TH",
			"phonecode": "66"
		},
		{
			"id": 218,
			"name": "Togo",
			"created_at": null,
			"updated_at": null,
			"code": "TG",
			"phonecode": "228"
		},
		{
			"id": 219,
			"name": "Tokelau",
			"created_at": null,
			"updated_at": null,
			"code": "TK",
			"phonecode": "690"
		},
		{
			"id": 220,
			"name": "Tonga",
			"created_at": null,
			"updated_at": null,
			"code": "TO",
			"phonecode": "676"
		},
		{
			"id": 221,
			"name": "Trinidad And Tobago",
			"created_at": null,
			"updated_at": null,
			"code": "TT",
			"phonecode": "1868"
		},
		{
			"id": 222,
			"name": "Tunisia",
			"created_at": null,
			"updated_at": null,
			"code": "TN",
			"phonecode": "216"
		},
		{
			"id": 223,
			"name": "Turkey",
			"created_at": null,
			"updated_at": null,
			"code": "TR",
			"phonecode": "90"
		},
		{
			"id": 224,
			"name": "Turkmenistan",
			"created_at": null,
			"updated_at": null,
			"code": "TM",
			"phonecode": "7370"
		},
		{
			"id": 225,
			"name": "Turks And Caicos Islands",
			"created_at": null,
			"updated_at": null,
			"code": "TC",
			"phonecode": "1649"
		},
		{
			"id": 226,
			"name": "Tuvalu",
			"created_at": null,
			"updated_at": null,
			"code": "TV",
			"phonecode": "688"
		},
		{
			"id": 227,
			"name": "Uganda",
			"created_at": null,
			"updated_at": null,
			"code": "UG",
			"phonecode": "256"
		},
		{
			"id": 228,
			"name": "Ukraine",
			"created_at": null,
			"updated_at": null,
			"code": "UA",
			"phonecode": "380"
		},
		{
			"id": 229,
			"name": "United Arab Emirates",
			"created_at": null,
			"updated_at": null,
			"code": "AE",
			"phonecode": "971"
		},
		{
			"id": 230,
			"name": "United Kingdom",
			"created_at": null,
			"updated_at": null,
			"code": "GB",
			"phonecode": "44"
		},
		{
			"id": 231,
			"name": "United States",
			"created_at": null,
			"updated_at": null,
			"code": "US",
			"phonecode": "1"
		},
		{
			"id": 232,
			"name": "United States Minor Outlying Islands",
			"created_at": null,
			"updated_at": null,
			"code": "UM",
			"phonecode": "1"
		},
		{
			"id": 233,
			"name": "Uruguay",
			"created_at": null,
			"updated_at": null,
			"code": "UY",
			"phonecode": "598"
		},
		{
			"id": 234,
			"name": "Uzbekistan",
			"created_at": null,
			"updated_at": null,
			"code": "UZ",
			"phonecode": "998"
		},
		{
			"id": 235,
			"name": "Vanuatu",
			"created_at": null,
			"updated_at": null,
			"code": "VU",
			"phonecode": "678"
		},
		{
			"id": 236,
			"name": "Vatican City State (Holy See)",
			"created_at": null,
			"updated_at": null,
			"code": "VA",
			"phonecode": "39"
		},
		{
			"id": 237,
			"name": "Venezuela",
			"created_at": null,
			"updated_at": null,
			"code": "VE",
			"phonecode": "58"
		},
		{
			"id": 238,
			"name": "Vietnam",
			"created_at": null,
			"updated_at": null,
			"code": "VN",
			"phonecode": "84"
		},
		{
			"id": 239,
			"name": "Virgin Islands (British)",
			"created_at": null,
			"updated_at": null,
			"code": "VG",
			"phonecode": "1284"
		},
		{
			"id": 240,
			"name": "Virgin Islands (US)",
			"created_at": null,
			"updated_at": null,
			"code": "VI",
			"phonecode": "1340"
		},
		{
			"id": 241,
			"name": "Wallis And Futuna Islands",
			"created_at": null,
			"updated_at": null,
			"code": "WF",
			"phonecode": "681"
		},
		{
			"id": 242,
			"name": "Western Sahara",
			"created_at": null,
			"updated_at": null,
			"code": "EH",
			"phonecode": "212"
		},
		{
			"id": 243,
			"name": "Yemen",
			"created_at": null,
			"updated_at": null,
			"code": "YE",
			"phonecode": "967"
		},
		{
			"id": 244,
			"name": "Yugoslavia",
			"created_at": null,
			"updated_at": null,
			"code": "YU",
			"phonecode": "38"
		},
		{
			"id": 245,
			"name": "Zambia",
			"created_at": null,
			"updated_at": null,
			"code": "ZM",
			"phonecode": "260"
		},
		{
			"id": 246,
			"name": "Zimbabwe",
			"created_at": null,
			"updated_at": null,
			"code": "ZW",
			"phonecode": "263"
		}
	]
}
